E_MPa,eta_MPa_sec,beta_0_dimless,beta_inf_dimless,gamma_sec,delta_dimless
1112.40203113855,213856014.650457,0.0662288532900988,0.191470019203651,4490.33904035597,0.253064037072838
