E_MPa,eta_MPa_sec,beta_0_dimless,beta_inf_dimless,gamma_sec,delta_dimless
999.050433779429,200000.177394222,0.0760891303694102,0.0999997888800297,2184.83372701788,0.700000003238886
