E_MPa,eta_MPa_sec,beta_0_dimless,beta_inf_dimless,gamma_sec,delta_dimless
1071.40160175735,388482603.28455,0.0798047579552398,0.0604979046229285,2056.40471789297,0.944413153182518
