E_MPa,eta_MPa_sec,beta_0_dimless,beta_inf_dimless,gamma_sec,delta_dimless
1194.29740259515,200011.57806114,0.0516192752016028,0.0999997066127971,5820.59789493917,0.700000007181907
