E_MPa,eta_MPa_sec,beta_0_dimless,beta_inf_dimless,gamma_sec,delta_dimless
2839.71264277652,254959565.802468,0.0051396301454501,0.0717702997745281,58339.9958401795,0.670091660703503
