E_MPa,eta_MPa_sec,beta_0_dimless,beta_inf_dimless,gamma_sec,delta_dimless
1264.23190034506,222359.242821382,0.0393287331393857,0.0999994767505067,5998.32889250819,0.700000004214375
