E_MPa,eta_MPa_sec,beta_0_dimless,beta_inf_dimless,gamma_sec,delta_dimless
849.088204795241,265979.218014276,0.0999993079227815,0.0999996220489166,3339.0228669753,0.700000004117275
