E_MPa,eta_MPa_sec,beta_0_dimless,beta_inf_dimless,gamma_sec,delta_dimless
772.502295447548,272549.757857717,0.0999990284426933,0.0999983809704963,2551.15157736877,0.700000004298511
