E_MPa,eta_MPa_sec,beta_0_dimless,beta_inf_dimless,gamma_sec,delta_dimless
1876.95772244944,304882127.918457,0.0307272277106002,0.122295096201461,59382.5945141599,0.214944554994326
