E_MPa,eta_MPa_sec,beta_0_dimless,beta_inf_dimless,gamma_sec,delta_dimless
1575.34243356521,272838775.870465,0.0417362054945787,0.115740473197636,2101.72100965543,0.224091418593868
