E_MPa,eta_MPa_sec,beta_0_dimless,beta_inf_dimless,gamma_sec,delta_dimless
1216.83704914483,281197.847044141,0.0436986956291496,0.0999949872339258,5024.59397102294,0.700000003289673
