E_MPa,eta_MPa_sec,beta_0_dimless,beta_inf_dimless,gamma_sec,delta_dimless
2631.45926064566,278691823.260904,0.0144517419634118,0.0687492022369459,39410.4692379016,0.55902204942874
