E_MPa,eta_MPa_sec,beta_0_dimless,beta_inf_dimless,gamma_sec,delta_dimless
2388.3812011628,291446040.479643,0.0222732758124173,0.0741731531903901,17768.6357205744,0.423260729788808
