E_MPa,eta_MPa_sec,beta_0_dimless,beta_inf_dimless,gamma_sec,delta_dimless
1124.73317805559,200007.463423307,0.0593923186263507,0.0999999681139814,4882.0259270419,0.700000004577715
