E_MPa,eta_MPa_sec,beta_0_dimless,beta_inf_dimless,gamma_sec,delta_dimless
1281.11528773847,200087.367841301,0.025567967917013,0.099999567765341,5312.05509170002,0.700000006499118
