E_MPa,eta_MPa_sec,beta_0_dimless,beta_inf_dimless,gamma_sec,delta_dimless
2201.67936668552,302526395.470378,0.0231253297394794,0.0757819549880041,7203.13384625135,0.343628380525093
