E_MPa,eta_MPa_sec,beta_0_dimless,beta_inf_dimless,gamma_sec,delta_dimless
945.585907891268,200063.301495222,0.0874495220957231,0.099999828139542,913.671978819513,0.700000001810501
