E_MPa,eta_MPa_sec,beta_0_dimless,beta_inf_dimless,gamma_sec,delta_dimless
1054.7883395057,200007.471656115,0.0712158694149734,0.0999999343864171,3941.40736698471,0.700000003050641
